Link,imputed_body_style,imputed_seats,imputed_exterior_color,imputed_location,imputed_year,imputed_mileage_km,imputed_condition
https://xe.chotot.com/mua-ban-xe-dap/133136445.htm,,,,,,80000.0,
https://xe.chotot.com/mua-ban-xe-dap/133106822.htm,Xe đạp điện,,Xám,,,1000.0,Đã qua sử dụng
https://xe.chotot.com/mua-ban-xe-dap/133063410.htm,,,,BH Bình Tân,,,
https://xe.chotot.com/mua-ban-xe-dap/133142579.htm,,,Trắng,,,1000.0,Đã qua sử dụng
https://xe.chotot.com/mua-ban-xe-dap/133032037.htm,null,,Đỏ,,,,Đã qua sử dụng
https://xe.chotot.com/mua-ban-xe-dap/133144546.htm,,,,HƯƠNG LÔ 3.PHƯỜNG BÌNH HƯNG HOA QUÂN BÌNH TÂN,,,Mới 100%
https://xe.chotot.com/mua-ban-xe-dap/133065437.htm,Xe đạp điện,,,,,,Đã qua sử dụng
https://xe.chotot.com/mua-ban-xe-dap/132756452.htm,,,,"Bình Hưng Hoa, Bình Tân",,,Mới 100%
https://xe.chotot.com/mua-ban-xe-dap/133138360.htm,,,,539/15 HƯƠNG LÔ 3.PHƯỜNG BÌNH HƯNG HOA QUÂN BÌNH TÂN,,,Mới 100%
https://xe.chotot.com/mua-ban-xe-dap/132717845.htm,Xe đạp điện,,Trắng,,,,Mới 100%
https://xe.chotot.com/mua-ban-xe-dap/132704252.htm,Xe đạp điện,,,29 bùi hữu nghĩa p1 quận Bình Thạnh,,,
https://xe.chotot.com/mua-ban-xe-dap/132935211.htm,,,,HƯƠNG LÔ 3.PHƯỜNG BÌNH HƯNG HOA QUÂN BÌNH TÂN,,,
https://xe.chotot.com/mua-ban-xe-dap/133111008.htm,null,,null,null,,,Mới 100%
https://xe.chotot.com/mua-ban-xe-dap/133149830.htm,Xe đạp điện,,,,,,Đã qua sử dụng
https://xe.chotot.com/mua-ban-xe-dap/131636938.htm,Bicycle,,Màu trắng,,,,
https://xe.chotot.com/mua-ban-xe-dap/132883186.htm,,,,539/15 HƯƠNG LÔ 3.PHƯỜNG BÌNH HƯNG HOA QUÂN BÌNH TÂN,,,Mới 100%
https://xe.chotot.com/mua-ban-xe-dap/133103431.htm,Xe đạp điện,,,TP.HCM,2026.0,,
https://xe.chotot.com/mua-ban-xe-dap/133113708.htm,null,,null,null,,,Mới 100%
https://xe.chotot.com/mua-ban-xe-dap/133106937.htm,,,,,,,Mới 100%
https://xe.chotot.com/mua-ban-xe-dap/131636091.htm,,,xám,,,,
https://xe.chotot.com/mua-ban-xe-dap/133097107.htm,,,,,,,Mới 100%
https://xe.chotot.com/mua-ban-xe-dap/133051322.htm,,,,HƯƠNG LÔ 3.PHƯỜNG BÌNH HƯNG HOA QUÂN BÌNH TÂN,,,Mới 100%
https://xe.chotot.com/mua-ban-xe-dap/132857491.htm,,,,LH 539/15 HƯƠNG LÔ 3.PHƯỜNG BÌNH HƯNG HOA QUÂN BÌNH TÂN,,,Mới 100%
https://xe.chotot.com/mua-ban-xe-dap/132718236.htm,,,,,,,Mới 100%
https://xe.chotot.com/mua-ban-xe-dap/133060319.htm,Xe đạp điện,,Vàng,,,,
https://xe.chotot.com/mua-ban-xe-dap/133065446.htm,,,,,2026.0,,
https://xe.chotot.com/mua-ban-xe-dap/133051586.htm,,,,,,,
https://xe.chotot.com/mua-ban-xe-dap/132875630.htm,,,,539/15 HƯƠNG LÔ 3.PHƯỜNG BÌNH HƯNG HOA QUÂN BÌNH TÂN,,,Mới 100%
https://xe.chotot.com/mua-ban-xe-dap/133046647.htm,Xe đạp điện,,"Trắng, Hồng",,,70000.0,Đã qua sử dụng
https://xe.chotot.com/mua-ban-xe-dap/133043150.htm,,,,,,80.0,
https://xe.chotot.com/mua-ban-xe-dap/125678476.htm,,,,,2025.0,,Mới 100%
https://xe.chotot.com/mua-ban-xe-dap/128343821.htm,,,,106/7 Tân Chánh hiệp 10 quận 12 tphcm,,80.0,Mới 100%
https://xe.chotot.com/mua-ban-xe-dap/132741594.htm,,,,HƯƠNG LÔ 3.PHƯỜNG BÌNH HƯNG HOA QUÂN BÌNH TÂN,,,Mới 100%
https://xe.chotot.com/mua-ban-xe-dap/132871610.htm,,,,"Bình Hưng Hòa, Bình Tân",,,
https://xe.chotot.com/mua-ban-xe-dap/132979542.htm,null,,null,null,,,
https://xe.chotot.com/mua-ban-xe-dap/133015887.htm,,,,quận 10,,,Đã qua sử dụng
https://xe.chotot.com/mua-ban-xe-dap/133000364.htm,Xe đạp điện,,Đen,,2026.0,50.0,Mới 100%
https://xe.chotot.com/mua-ban-xe-dap/131632459.htm,,,,,,,Mới 100%
https://xe.chotot.com/mua-ban-xe-dap/132797688.htm,,,,LH 539/15 HƯƠNG LÔ 3.PHƯỜNG BÌNH HƯNG HOA QUÂN BÌNH TÂN,,,
https://xe.chotot.com/mua-ban-xe-dap/132955135.htm,,,Đen,,,,Đã qua sử dụng
https://xe.chotot.com/mua-ban-xe-dap/132949357.htm,,,,LH 539/15 HƯƠNG LÔ 3.PHƯỜNG BÌNH HƯNG HOA QUÂN BÌNH TÂN,,,Mới 100%
https://xe.chotot.com/mua-ban-xe-dap/132935731.htm,,,Xám,,,50.0,Đã qua sử dụng
https://xe.chotot.com/mua-ban-xe-dap/132940209.htm,,,,539/15 HƯƠNG LÔ 3.PHƯỜNG BÌNH HƯNG HOA QUÂN BÌNH TÂN,,,Mới 100%
https://xe.chotot.com/mua-ban-xe-dap/132924332.htm,null,,null,null,2026.0,3000.0,Đã qua sử dụng
https://xe.chotot.com/mua-ban-xe-dap/131044391.htm,Xe đạp điện,,,Hà Nội,,,Mới 100%
https://xe.chotot.com/mua-ban-xe-dap/132820654.htm,,,,539/15 HƯƠNG LÔ 3.PHƯỜNG BÌNH HƯNG HOA QUÂN BÌNH TÂN,,,Mới 100%
https://xe.chotot.com/mua-ban-xe-dap/132935720.htm,,,Xám,,,50.0,Đã qua sử dụng
https://xe.chotot.com/mua-ban-xe-dap/132910432.htm,Xe đạp điện,,Xám,,,192.0,Đã qua sử dụng
https://xe.chotot.com/mua-ban-xe-dap/132913089.htm,,,,HƯƠNG LÔ 3.PHƯỜNG BÌNH HƯNG HOA QUÂN BÌNH TÂN,,,Mới 100%
https://xe.chotot.com/mua-ban-xe-dap/132393174.htm,,,,,,,
https://xe.chotot.com/mua-ban-xe-dap/132710625.htm,,,,HƯƠNG LÔ 3.PHƯỜNG BÌNH HƯNG HOA QUÂN BÌNH TÂN,,,Mới 100%
https://xe.chotot.com/mua-ban-xe-dap/132547727.htm,,,,,,,Mới 100%
https://xe.chotot.com/mua-ban-xe-dap/132825284.htm,,,,,,,
https://xe.chotot.com/mua-ban-xe-dap/132820966.htm,,,,,,,
https://xe.chotot.com/mua-ban-xe-dap/132612310.htm,,,,LH 539/15 HƯƠNG LÔ 3.PHƯỜNG BÌNH HƯNG HOA QUÂN BÌNH TÂN,,,Mới 100%
https://xe.chotot.com/mua-ban-xe-dap/132835706.htm,,,Đen,,,1000.0,Đã qua sử dụng
https://xe.chotot.com/mua-ban-xe-dap/132274794.htm,,,,"Bình Hưng Hoa Quân, Bình Tân",,,Mới 100%
https://xe.chotot.com/mua-ban-xe-dap/132820788.htm,,,,,,,
https://xe.chotot.com/mua-ban-xe-dap/132569418.htm,,,,HƯƠNG LÔ 3.PHƯỜNG BÌNH HƯNG HOA QUÂN BÌNH TÂN,,,Mới 100%
https://xe.chotot.com/mua-ban-xe-dap/132771885.htm,,,Hồng be,,,,Đã qua sử dụng
https://xe.chotot.com/mua-ban-xe-dap/132775466.htm,,,,Hương Lô 3.phường bình hưng hoa quân bình tân,,,Mới 100%
https://xe.chotot.com/mua-ban-xe-dap/132745482.htm,,,xám,,,,
https://xe.chotot.com/mua-ban-xe-dap/132586716.htm,,,,Bình Tân,,,
https://xe.chotot.com/mua-ban-xe-dap/132722075.htm,,,,,,,Mới 100%
https://xe.chotot.com/mua-ban-xe-dap/132682367.htm,null,,Đa màu,,,,
https://xe.chotot.com/mua-ban-xe-dap/132693042.htm,Điện,3.0,Hồng trắng,"Khu Sao Mai Phú Hữu, Xã Phú Hoà, Tỉnh An Giang",,,Đã qua sử dụng
https://xe.chotot.com/mua-ban-xe-dap/132699009.htm,,,,539/15 HƯƠNG LÔ 3.PHƯỜNG BÌNH HƯNG HOA QUÂN BÌNH TÂN,,,Mới 100%
https://xe.chotot.com/mua-ban-xe-dap/132126569.htm,,,,539/15 HƯƠNG LÔ 3.PHƯỜNG BÌNH HƯNG HOA QUÂN BÌNH TÂN,,,Mới 100%
https://xe.chotot.com/mua-ban-xe-dap/132454063.htm,,,"Đen, Đỏ",thủ dầu hcm,,,Mới 100%
https://xe.chotot.com/mua-ban-xe-dap/132401721.htm,null,,Trắng,,,,Mới 100%
https://xe.chotot.com/mua-ban-xe-dap/132656806.htm,,,Xám,tphcm,,,Đã qua sử dụng
https://xe.chotot.com/mua-ban-xe-dap/132603979.htm,,,,,,,
https://xe.chotot.com/mua-ban-xe-dap/132650185.htm,,,,539/15 HƯƠNG LÔ 3.PHƯỜNG BÌNH HƯNG HOA QUÂN BÌNH TÂN,,,Mới 100%
https://xe.chotot.com/mua-ban-xe-dap/132578544.htm,,,Đen,Q7 HCM,,,Đã qua sử dụng
https://xe.chotot.com/mua-ban-xe-dap/132553262.htm,Xe đạp điện,,Xanh mint,,,,Đã qua sử dụng
https://xe.chotot.com/mua-ban-xe-dap/132535452.htm,Xe đạp điện,,Xanh nhạt,,,10000.0,Đã qua sử dụng
https://xe.chotot.com/mua-ban-xe-dap/132583789.htm,,,,Hà Nội,,80.0,
https://xe.chotot.com/mua-ban-xe-dap/131410673.htm,,,,Hà Nội,,,Mới 100%
https://xe.chotot.com/mua-ban-xe-dap/132575456.htm,,,Hồng - Cam,"Khu Tên Lửa, Bình Tân, TP.HCM",,0.0,Mới 100%
https://xe.chotot.com/mua-ban-xe-dap/132510028.htm,,,Xám,,,100.0,Đã qua sử dụng
https://xe.chotot.com/mua-ban-xe-dap/132300253.htm,,,,BÌNH TÂN,,,
https://xe.chotot.com/mua-ban-xe-dap/132453837.htm,,,,Thủ Dầu Hcm,,,Mới 100%
https://xe.chotot.com/mua-ban-xe-dap/132490272.htm,,,,LH 539/15 HƯƠNG LÔ 3.PHƯỜNG BÌNH HƯNG HOA QUÂN BÌNH TÂN,,,
https://xe.chotot.com/mua-ban-xe-dap/132393177.htm,,,,,,,
https://xe.chotot.com/mua-ban-xe-dap/132374972.htm,,,Trắng,,,100000.0,
https://xe.chotot.com/mua-ban-xe-dap/132337533.htm,,,,,,,
https://xe.chotot.com/mua-ban-xe-dap/132470425.htm,,,Đỏ,,,,Đã qua sử dụng
https://xe.chotot.com/mua-ban-xe-dap/132383438.htm,,,đen đỏ,,,,
https://xe.chotot.com/mua-ban-xe-dap/132392007.htm,,,Đỏ,,,,Đã qua sử dụng
https://xe.chotot.com/mua-ban-xe-dap/132350591.htm,,,Xám,"Ngọc Hà, Hà Nội",,1000.0,Đã qua sử dụng
https://xe.chotot.com/mua-ban-xe-dap/132373659.htm,null,,xanh lá,,,,
https://xe.chotot.com/mua-ban-xe-dap/132309077.htm,,,,,,1100.0,Mới 100%
https://xe.chotot.com/mua-ban-xe-dap/132313202.htm,,,Đỏ,,,,
https://xe.chotot.com/mua-ban-xe-dap/132263162.htm,,,,"14 Trần Kế Xương, Hải Châu, Đà Nẵng",,,
https://xe.chotot.com/mua-ban-xe-dap/132320713.htm,Xe đạp điện,,Xám,"ấp rừng dầu, xã bến cầu tỉnh tây ninh (xã tiên thuận cũ)",,,
https://xe.chotot.com/mua-ban-xe-dap/132236268.htm,null,,Xám,,,,
https://xe.chotot.com/mua-ban-xe-dap/132243406.htm,,,,,,,
https://xe.chotot.com/mua-ban-xe-dap/130962456.htm,,,Đen,,,,
https://xe.chotot.com/mua-ban-xe-dap/132227667.htm,,,đen,,,,
https://xe.chotot.com/mua-ban-xe-dap/132158292.htm,,,Xám,,,,Đã qua sử dụng
https://xe.chotot.com/mua-ban-xe-dap/129205559.htm,Xe điện,,xám,gần chợ Thới Tứ Hóc Môn,,,Mới 100%
https://xe.chotot.com/mua-ban-xe-dap/132135228.htm,Xe đạp điện,,Xám,tphcm,,2800.0,Đã qua sử dụng
https://xe.chotot.com/mua-ban-xe-dap/132033281.htm,,,,Sa Đéc,2026.0,,Mới 100%
https://xe.chotot.com/mua-ban-xe-dap/132110291.htm,null,,đỏ,,,,
https://xe.chotot.com/mua-ban-xe-dap/132081051.htm,,,,,,,Đã qua sử dụng
